op_type,time_us,memory_bytes
swapout,197881.0,660602880
swapin,101184.0,660602880
swapout,199703.0,660602880
swapin,100890.0,660602880
swapout,189850.0,660602880
swapin,101733.0,660602880
swapout,190139.0,660602880
swapin,102129.0,660602880
swapout,189619.0,660602880
swapin,102427.0,660602880
swapout,194731.0,660602880
swapin,100784.0,660602880
swapout,186435.0,660602880
swapin,103323.0,660602880
swapout,197573.0,660602880
swapin,102928.0,660602880
swapout,187275.0,660602880
swapin,101974.0,660602880
swapout,189535.0,660602880
swapin,101478.0,660602880
swapout,189831.0,660602880
swapin,102852.0,660602880
swapout,190132.0,660602880
swapin,101192.0,660602880
swapout,192434.0,660602880
swapin,101624.0,660602880
swapout,187004.0,660602880
swapin,102257.0,660602880
swapout,186455.0,660602880
swapin,102690.0,660602880
swapout,193557.0,660602880
swapin,102400.0,660602880
swapout,190494.0,660602880
swapin,101748.0,660602880
swapout,191721.0,660602880
swapin,103490.0,660602880
swapout,187134.0,660602880
swapin,101235.0,660602880
swapout,184785.0,660602880
swapin,102894.0,660602880
swapout,192232.0,660602880
swapin,103124.0,660602880
swapout,192106.0,660602880
swapin,100806.0,660602880
swapout,186174.0,660602880
swapin,102893.0,660602880
swapout,187520.0,660602880
swapin,102804.0,660602880
swapout,185454.0,660602880
swapin,121267.0,660602880
swapout,202012.0,660602880
swapin,101424.0,660602880
swapout,190788.0,660602880
swapin,103676.0,660602880
swapout,188276.0,660602880
swapin,101848.0,660602880
swapout,192766.0,660602880
swapin,105106.0,660602880
swapout,187732.0,660602880
swapin,101219.0,660602880
swapout,188640.0,660602880
swapin,103204.0,660602880
swapout,185251.0,660602880
swapin,101089.0,660602880
swapout,187918.0,660602880
swapin,102073.0,660602880
swapout,195917.0,660602880
swapin,102029.0,660602880
swapout,187818.0,660602880
swapin,101315.0,660602880
swapout,187599.0,660602880
swapin,102403.0,660602880
swapout,186726.0,660602880
swapin,101119.0,660602880
swapout,187862.0,660602880
swapin,100931.0,660602880
swapout,186739.0,660602880
swapin,102089.0,660602880
swapout,187077.0,660602880
swapin,101964.0,660602880
swapout,190124.0,660602880
swapin,101650.0,660602880
swapout,185525.0,660602880
swapin,101074.0,660602880
swapout,187151.0,660602880
swapin,101377.0,660602880
swapout,186550.0,660602880
swapin,101432.0,660602880
swapout,187111.0,660602880
swapin,102060.0,660602880
swapout,190762.0,660602880
swapin,101488.0,660602880
swapout,189266.0,660602880
swapin,101542.0,660602880
swapout,187859.0,660602880
swapin,101140.0,660602880
swapout,195564.0,660602880
swapin,106001.0,660602880
swapout,193570.0,660602880
swapin,101495.0,660602880
swapout,198113.0,660602880
swapin,105804.0,660602880
swapout,190222.0,660602880
swapin,102134.0,660602880
swapout,187472.0,660602880
swapin,102122.0,660602880
swapout,190777.0,660602880
swapin,101743.0,660602880
swapout,189750.0,660602880
swapin,110422.0,660602880
swapout,188309.0,660602880
swapin,102698.0,660602880
swapout,187615.0,660602880
swapin,111935.0,660602880
swapout,187958.0,660602880
swapin,101426.0,660602880
swapout,188247.0,660602880
swapin,102888.0,660602880
swapout,187662.0,660602880
swapin,102197.0,660602880
swapout,187363.0,660602880
swapin,101834.0,660602880
swapout,188253.0,660602880
swapin,101896.0,660602880
swapout,187125.0,660602880
swapin,102988.0,660602880
swapout,187735.0,660602880
swapin,105052.0,660602880
swapout,188727.0,660602880
swapin,102358.0,660602880
swapout,187137.0,660602880
swapin,101315.0,660602880
swapout,188838.0,660602880
swapin,102214.0,660602880
swapout,192644.0,660602880
swapin,101030.0,660602880
swapout,186029.0,660602880
swapin,101947.0,660602880
swapout,188702.0,660602880
swapin,101891.0,660602880
swapout,183389.0,660602880
swapin,102129.0,660602880
swapout,189431.0,660602880
swapin,104371.0,660602880
swapout,187657.0,660602880
swapin,102006.0,660602880
swapout,188487.0,660602880
swapin,101464.0,660602880
swapout,188164.0,660602880
swapin,102311.0,660602880
swapout,185875.0,660602880
swapin,101549.0,660602880
swapout,187554.0,660602880
swapin,102696.0,660602880
swapout,189034.0,660602880
swapin,101686.0,660602880
swapout,186650.0,660602880
swapin,101771.0,660602880
swapout,186810.0,660602880
swapin,102019.0,660602880
swapout,184557.0,660602880
swapin,100969.0,660602880
swapout,183836.0,660602880
swapin,101419.0,660602880
swapout,184330.0,660602880
swapin,101030.0,660602880
swapout,183868.0,660602880
swapin,101097.0,660602880
swapout,184161.0,660602880
swapin,101195.0,660602880
swapout,193125.0,660602880
swapin,101478.0,660602880
swapout,190954.0,660602880
swapin,102543.0,660602880
swapout,189165.0,660602880
swapin,102184.0,660602880
swapout,186540.0,660602880
swapin,111262.0,660602880
swapout,188688.0,660602880
swapin,100999.0,660602880
swapout,188153.0,660602880
swapin,101219.0,660602880
swapout,192725.0,660602880
swapin,100749.0,660602880
swapout,186487.0,660602880
swapin,101537.0,660602880
swapout,187091.0,660602880
swapin,101419.0,660602880
swapout,185601.0,660602880
swapin,101105.0,660602880
swapout,185569.0,660602880
swapin,100621.0,660602880
swapout,194112.0,660602880
swapin,100405.0,660602880
swapout,186964.0,660602880
swapin,100342.0,660602880
swapout,186052.0,660602880
swapin,100882.0,660602880
swapout,186097.0,660602880
swapin,101600.0,660602880
